garnet@bechtelar.info,(837) 355-1592,false,false,false,false,false,false,true,true,true,true
maud_rogahn@lind.info,429.401.7895,true,true,true,false,false,true,true,false,false,true
angelica@christiansenschmidt.info,(194) 566-9544,true,true,false,true,false,true,true,false,true,true
llewellyn_cormier@cartwright.io,1-388-974-1806,true,false,false,true,false,false,false,false,false,true
ally_cremin@lockman.info,811.071.4144,false,false,true,false,false,true,true,true,true,true
jaylon_beahan@gmail.com,(532) 559-1054,true,true,true,false,true,false,true,false,true,true
melia_friesen@gmail.com,1-271-945-4641,true,false,false,false,false,false,true,true,true,false
herminia_green@nolan.net,1-331-038-0808,false,false,false,false,false,false,true,false,true,false
marlee@hane.biz,398.355.2092,true,false,false,false,true,true,false,false,true,false
sally.gaylord@hirthe.info,614.140.0826,true,false,false,false,false,false,true,false,false,false
randal@anderson.com,1-754-428-2741,false,true,false,true,true,true,true,true,false,false
seamus_nicolas@predovic.net,651-564-4815,false,true,false,false,true,false,false,false,true,false
hester_mertz@goodwin.info,732-637-4253,true,false,true,true,false,true,false,false,false,true
sylvester@nicolas.co,804.112.0065,false,true,false,true,true,true,true,true,false,false
noemi.paucek@littel.com,538.313.8822,false,false,true,false,true,false,true,true,false,false
audrey_hartmann@gmail.com,1-780-627-5552,true,true,true,true,false,true,true,false,true,false
margie@yahoo.com,128.984.5597,false,true,true,true,true,false,true,true,false,false
jewel@yahoo.com,546-450-5064,false,true,false,false,false,false,true,false,false,false
myles@luettgen.info,459.205.8080,false,false,true,true,true,true,false,true,false,false
leonor@pfeffer.com,308-143-5334,false,true,true,true,false,true,true,false,false,true
marilyne_connelly@morarcarter.org,(757) 176-2288,true,false,true,false,true,true,true,false,false,false
amara@yahoo.com,126.092.5952,false,false,false,false,false,false,false,true,true,false
gerald@yahoo.com,1-856-852-5244,true,false,true,false,true,true,true,false,true,true
einar@oberbrunnerparker.io,503-395-5693,true,false,true,false,true,false,true,false,false,true
toy@hotmail.com,891.438.2834,false,true,true,true,true,true,false,true,true,true
montana@stamm.name,1-855-008-5073,true,false,false,false,false,true,false,true,false,false
elisa.klein@gmail.com,201-308-3947,false,false,true,true,false,false,false,true,false,true
meda@frami.io,141.586.2801,true,true,true,false,true,true,true,false,true,false
wade@gleichnergutmann.com,191.699.1836,false,false,true,true,true,false,false,true,true,true
leora_sanford@bayer.io,1-668-376-6261,false,false,true,true,false,true,true,false,false,true
maud@yahoo.com,727.351.9292,false,true,false,false,false,false,true,true,false,true
felton_gulgowski@reilly.co,1-855-862-7392,true,true,false,true,true,false,false,true,true,true
pansy.jerde@gmail.com,319-670-1954,true,false,false,true,false,true,false,false,true,true
asha@hotmail.com,598-327-1308,true,false,true,false,false,false,true,true,false,false
freddy_corwin@gutmann.io,117-913-1442,false,false,false,false,false,true,false,true,true,true
myra_stroman@fisher.com,(250) 938-2720,false,false,true,false,false,false,false,true,true,false
nathanael@hotmail.com,749-436-7284,false,true,true,true,false,true,true,false,true,true
joan@hotmail.com,(740) 319-5886,true,false,false,true,false,false,false,false,false,false
brice@bashirian.co,1-666-390-7750,false,true,false,true,true,true,true,false,true,true
sibyl@luettgenbednar.io,(199) 271-3146,false,true,true,true,false,false,false,false,true,false
dudley@brekke.org,(958) 884-4084,true,true,false,true,true,false,true,false,true,false
lexus.hoeger@stark.net,291.614.8711,true,true,true,false,true,false,true,true,true,true
malika.mitchell@yahoo.com,491.056.8691,false,false,true,true,false,false,true,true,true,false
hester.hodkiewicz@bergstrom.io,784-333-5445,true,true,true,true,false,false,true,true,false,true
kian@hotmail.com,(858) 506-6891,false,false,false,true,true,true,false,false,false,true
daryl@yahoo.com,(207) 540-9712,false,false,false,true,true,false,false,true,true,true
cali@gmail.com,378.128.6053,true,false,false,false,false,true,false,false,false,false
may@anderson.org,364.719.5237,false,true,true,false,true,false,false,false,true,true
damien@gmail.com,(271) 730-0110,true,false,true,true,true,false,false,false,false,false
warren@yahoo.com,1-263-683-0876,false,true,true,false,false,false,false,true,false,false
kolby@mannbosco.com,271-194-5776,false,true,true,true,true,false,false,true,true,false
destinee_bogan@hodkiewicz.biz,442.042.7629,false,true,false,true,true,false,true,false,false,false
terrance@howell.biz,184.190.9871,true,true,false,false,true,false,true,false,false,false
gaylord@gmail.com,918-996-5312,true,false,true,false,true,false,false,true,true,true
tania_skiles@hotmail.com,1-567-404-8242,true,false,false,false,true,true,false,true,false,true
lexus.cole@yahoo.com,(628) 387-3292,false,false,true,true,true,true,false,false,true,false
brice@gmail.com,(402) 367-8064,true,false,true,true,false,false,true,true,true,false
soledad@hotmail.com,1-802-594-8989,true,false,false,true,false,false,false,false,true,false
emery@christiansen.io,410-137-9931,false,true,true,true,true,false,true,true,true,false
meaghan@lebsack.biz,1-743-383-6846,false,false,false,true,false,false,false,false,false,false
milford@cartermurray.org,(961) 232-5037,true,true,false,true,true,true,false,true,true,true
alba_fadel@lemkefriesen.org,329.838.5363,false,true,false,false,false,false,true,false,false,false
georgianna@gmail.com,(232) 976-6307,true,true,false,true,true,false,false,false,true,true
may@pouros.io,196-536-9023,false,true,true,true,true,false,false,true,true,true
vicenta_abernathy@harbermccullough.com,1-279-056-0950,true,false,true,true,true,true,false,false,false,true
tatum.gislason@gmail.com,563-048-6168,false,true,true,false,false,true,true,true,false,true
deon@wilderman.co,(165) 663-7825,true,false,true,false,true,false,true,true,false,true
myra_sawayn@yahoo.com,614-527-9926,false,false,true,false,false,false,false,true,true,false
robert@hotmail.com,(716) 115-5329,false,false,true,false,true,false,true,false,true,false
donnell@fritschcormier.co,(740) 506-7524,true,true,true,false,false,true,true,true,false,false
lynn@hotmail.com,873.637.5522,false,true,true,false,true,false,false,true,true,false
johnnie_pouros@keeling.name,581-473-2695,false,true,false,true,false,false,false,true,false,true
barbara.denesik@krajcik.co,185-825-8640,false,false,true,false,false,true,false,true,false,true
helena.adams@tremblayfriesen.com,(921) 829-3566,false,false,true,true,false,true,true,false,false,false
nia@yahoo.com,1-212-066-0616,true,false,true,false,true,false,true,true,false,true
kyla.schuppe@armstrong.info,866-108-0107,true,false,true,true,false,false,true,true,true,true
wyman.harris@conroy.name,805-523-5866,true,false,false,true,false,true,true,false,true,false
mckenna.wunsch@stracke.biz,686.728.4986,true,false,false,false,true,false,true,false,true,true
dorthy_turner@hotmail.com,(493) 467-3059,true,false,true,true,true,true,true,false,true,false
aurelia@walshjohnston.org,(859) 742-1371,true,false,true,false,true,true,false,true,false,true
daphne_jones@vandervort.org,(198) 180-1963,false,false,true,false,true,true,true,false,false,true
ursula@king.org,194-310-9301,false,false,true,true,false,true,false,false,true,true
marco@hotmail.com,620-090-1846,true,true,true,false,true,false,false,false,true,true
doyle@yahoo.com,585-449-9624,false,false,true,false,false,true,false,true,false,false
sigrid@hotmail.com,926.505.1872,false,false,false,false,true,true,false,true,false,true
colt.green@rogahn.org,1-859-308-6712,false,true,true,false,false,false,true,false,true,false
kurtis@hotmail.com,(742) 489-1612,false,false,true,false,true,true,false,false,false,true
ayla@hotmail.com,301.283.6304,true,false,true,true,false,false,true,false,false,false
bridget_funk@yahoo.com,1-837-837-2043,true,true,true,true,true,true,true,false,false,true
napoleon@yahoo.com,442-256-8757,false,false,false,false,false,false,false,true,true,true
nora@bogisich.org,1-229-501-1986,true,true,true,true,false,false,true,false,false,false
kristy.goldner@gmail.com,(184) 346-1948,false,false,true,false,true,true,true,true,false,true
sonya@hellerschmidt.name,1-568-257-6113,false,false,false,true,true,true,true,false,false,true
melba_predovic@hotmail.com,1-232-150-8670,false,true,true,true,false,false,true,true,true,true
camille@hills.name,(326) 872-0919,true,false,true,true,true,false,false,false,false,false
sandrine.pfeffer@koch.com,978.289.7065,false,false,true,true,true,false,false,false,false,false
jerrold.hauck@reingerjacobi.com,1-749-122-2931,false,true,true,true,true,true,false,false,false,false
emil.hirthe@hotmail.com,164-329-3038,false,false,false,true,true,false,false,false,false,false
magnus@yahoo.com,931-261-2156,true,true,true,false,true,false,false,false,false,true
lenna@beer.biz,(433) 602-0226,false,false,true,false,true,false,false,true,false,true
deja@borer.name,(923) 501-3895,false,true,true,false,true,true,false,false,true,false
marvin@hotmail.com,1-657-399-1430,true,false,false,true,false,true,false,false,true,false
scarlett.smitham@yahoo.com,1-861-706-5027,true,false,true,true,true,false,true,false,true,false
caria.white@gmail.com,982.508.6791,true,true,true,false,true,true,false,true,true,false
alyon_schroeder@vonruedenstracke.com,1-847-662-4148,true,false,true,true,false,true,true,false,true,false
isabella_zemlak@korau.co,779.618.4104,true,true,true,true,true,false,false,false,false,true
birdie.hickle@greenfelder.biz,(972) 817-5760,false,false,true,true,false,false,false,false,false,false
treva@reicherthintz.io,1-282-861-2003,true,true,true,false,false,false,false,false,true,false
emmet@gmail.com,1-244-530-4275,false,false,false,true,false,true,true,true,false,true
